price,pi1,pi2
173.0,10.262324934511271,6757.280038914639
174.0,23.482287058209476,6772.21345937966
175.0,36.44786889609881,6786.874201629184
176.0,49.163102700084565,6801.266492382003
177.0,61.63196354804153,6815.394499378617
178.0,73.85837003014632,6829.262332076029
179.0,85.84618493024055,6842.8740423377785
180.0,97.59921590215002,6856.233625119106
181.0,109.12121614090691,6869.34501914725
182.0,120.41588504881453,6882.212107596744
183.0,131.48686889629695,6894.838718759683
184.0,142.3377614774965,6907.228626710904
185.0,152.9721047605609,6919.3855519680155
186.0,163.39338953258383,6931.313162146234
187.0,173.605056039161,6943.015072607976
188.0,183.61049461852204,6954.494847107174
189.0,193.41304633021326,6965.755998428253
190.0,203.01600357829156,6976.801989019769
191.0,212.42261072901428,6987.636231622629
192.00000000000003,221.63606472299756,6998.262089892916
193.00000000000003,230.65951568181714,7008.682879019244
194.00000000000003,239.49606750905136,7018.901866334649
195.00000000000003,248.14877848572385,7028.922271922998
196.00000000000003,256.6206618601666,7038.747269219859
197.00000000000003,264.91468643226546,7048.37998560787
198.00000000000003,273.03377713210006,7057.82350300656
199.00000000000003,280.98081559295997,7067.08085845661
200.0,288.7586407187459,7076.155044698581
201.00000000000003,296.37004924574865,7085.049010746044
202.00000000000006,303.81779629880475,7093.765662453177
203.00000000000003,311.1045959418421,7102.307863076773
204.0,318.2331217228144,7110.678433832684
205.00000000000003,325.2060072130343,7118.880154446711
206.00000000000006,332.02584654091015,7126.915763699914
207.00000000000003,338.6951949201094,7134.787959968403
208.0,345.2165691721428,7142.49940175755
209.00000000000003,351.5924482434054,7150.052708230689
210.00000000000006,357.8252737166721,7157.450459732289
211.00000000000003,363.9174503170757,7164.695198305619
212.0,369.871346412586,7171.789428204919
213.00000000000003,375.6892945090021,7178.735616402108
214.00000000000006,381.3735917394934,7185.536193087998
215.00000000000003,386.9265003486944,7192.193552168137
216.0,392.35024817139663,7198.710051753152
217.00000000000003,397.6470291058504,7205.088014643777
218.00000000000006,402.8190035817027,7211.329728810439
219.00000000000003,407.86829902260706,7217.437447867556
220.00000000000003,412.7970103035314,7223.413391542469
221.00000000000003,417.60720020278035,7229.259746139118
222.00000000000006,422.3008998487838,7234.97866499641
223.00000000000006,426.88010916166445,7240.5722689413815
224.00000000000003,431.346797289633,7246.042646737139
225.00000000000006,435.70290304022524,7251.391855525619
226.00000000000006,439.9503353064269,7256.621921265208
227.00000000000006,444.0909734877269,7261.73483916324
228.00000000000003,448.1266679061073,7266.732574103414
229.00000000000006,452.0592402170389,7271.617061068168
230.00000000000006,455.8904838154946,7276.39020555603
231.00000000000006,459.62216423702426,7281.053883993986
232.00000000000003,463.2560195539432,7285.609944144925
233.00000000000006,466.7937607666271,7290.060205510136
234.00000000000009,470.23707219002216,7294.406459726982
235.00000000000006,473.58761183533335,7298.650470961687
236.00000000000003,476.8470117869883,7302.793976297361
237.00000000000006,480.0168785748828,7306.838686117256
238.00000000000009,483.0987935419577,7310.786284483287
239.00000000000006,486.09431320715595,7314.638429509878
240.00000000000003,489.0049696237742,7318.396753733168
241.00000000000006,491.83227073328385,7322.062864475596
242.00000000000009,494.57770071463136,7325.638344205937
243.00000000000006,497.24272032907743,7329.124750894791
244.00000000000003,499.82876726061033,7332.523618365603
245.00000000000006,502.3372564519671,7335.836456641228
246.00000000000009,504.7695804363246,7339.06475228608
247.00000000000006,507.12710966466767,7342.209968743923
248.00000000000006,509.4111928289148,7345.273546671341
249.00000000000006,511.62315718081294,7348.256904266922
250.00000000000009,513.7643088466558,7351.161437596166
251.00000000000006,515.8359331378703,7353.988520912248
252.00000000000006,517.8392948574962,7356.739506972543
253.00000000000006,519.7756386026226,7359.415727351113
254.00000000000009,521.6461890628051,7362.018492747028
255.00000000000006,523.4521513145138,7364.5490932887105
256.00000000000006,525.1947111116527,7367.0087988342475
257.00000000000006,526.8750351721845,7369.398859267751
258.0000000000001,528.4942714609214,7371.720504791798
259.00000000000006,530.0535494684863,7373.974946215999
260.00000000000006,531.5539804865322,7376.163375241722
261.00000000000006,532.9966578792229,7378.286964743021
262.0000000000001,534.3826573510356,7380.346869043819
263.00000000000006,535.7130372109143,7382.344224191355
264.00000000000006,536.988838632828,7384.280148225972
265.00000000000006,538.2110859127632,7386.155741447273
266.0000000000001,539.380786722187,7387.97208667665
267.00000000000006,540.4989323580344,7389.730249516295
268.00000000000006,541.5664979892555,7391.431278604682
269.00000000000006,542.5844428999502,7393.076205868563
270.0000000000001,543.553710729142,7394.666046771522
271.0000000000001,544.475229707235,7396.201800559155
272.00000000000006,545.3499128891649,7397.6844505008785
273.0000000000001,546.1786583843226,7399.114964128393
274.0000000000001,546.9623495832551,7400.494293470898
275.0000000000001,547.7018553812015,7401.823375287052
276.00000000000006,548.3980303984894,7403.103131293705
277.0000000000001,549.051715197847,7404.3344683914975
278.0000000000001,549.6637364986383,7405.518278887302
279.0000000000001,550.2349073880903,7406.655440713559
280.00000000000006,550.7660275295351,7407.746817644608
281.0000000000001,551.257883367697,7408.793259509928
282.0000000000001,551.7112483310694,7409.7956024044515
283.0000000000001,552.1268830314194,7410.7546688958955
284.00000000000006,552.5055354604534,7411.6712682292
285.0000000000001,552.8479411836646,7412.546196528068
286.0000000000001,553.1548235314248,7413.380236993688
287.0000000000001,553.426893787335,7414.174160100639
288.00000000000006,553.6648513738775,7414.928723790022
289.0000000000001,553.8693840353964,7415.644673659847
290.0000000000001,554.0411680184577,7416.322743152752
291.0000000000001,554.1808682495881,7416.963653740998
292.00000000000006,554.2891385104734,7417.568115108873
293.0000000000001,554.3666216106086,7418.136825332481
294.0000000000001,554.4139495574508,7418.6704710569575
295.0000000000001,554.4317437241053,7419.169727671139
296.0000000000001,554.4206150145843,7419.635259479765
297.0000000000001,554.3811640266406,7420.067719873162
298.0000000000001,554.3139812122513,7420.467751494515
299.0000000000001,554.2196470357469,7420.835986404733
300.0000000000001,554.0987321296368,7421.173046244912
301.0000000000001,553.9517974481497,7421.479542396487
302.0000000000001,553.7793944185248,7421.756076139034
303.0000000000001,553.5820650900927,7422.0032388058125
304.0000000000001,553.3603422811465,7422.221611937034
305.0000000000001,553.1147497236718,7422.411767430919
306.0000000000001,552.8458022059327,7422.574267692542
307.0000000000001,552.5540057129579,7422.709665780528
308.0000000000001,552.2398575649522,7422.818505551594
309.0000000000001,551.9038465536584,7422.901321802989
310.0000000000001,551.5464530767092,7422.95864041285
311.0000000000001,551.1681492699668,7422.990978478503
312.0000000000001,550.7693991379201,7422.99884445273
313.0000000000001,550.3506586821313,7422.982738278061
314.00000000000017,549.9123760277716,7422.943151519062
315.0000000000001,549.4549915482827,7422.880567492698
316.0000000000001,548.9789379881576,7422.795461396775
317.0000000000001,548.4846405839086,7422.688300436479
318.00000000000017,547.9725171832162,7422.559543949054
319.0000000000001,547.4429783622962,7422.40964352664
320.0000000000001,546.896427541511,7422.239043137294
321.0000000000001,546.3332610992385,7422.048179244202
322.00000000000017,545.7538684840486,7421.837480923163
323.0000000000001,545.1586323251664,7421.607369978282
324.0000000000001,544.5479285412982,7421.358261055982
325.0000000000001,543.9221264478062,7421.090561757303
326.00000000000017,543.2815888622641,7420.804672748525
327.0000000000001,542.626672208433,7420.500987870168
328.0000000000001,541.9577266186457,7420.179894244328
329.0000000000001,541.2750960346592,7419.841772380446
330.00000000000017,540.5791183069734,7419.486996279478
331.0000000000001,539.8701252926439,7419.11593353651
332.0000000000001,539.1484429516125,7418.728945441827
333.0000000000001,538.4143914415725,7418.326387080497
334.00000000000017,537.6682852114001,7417.908607430427
335.0000000000001,536.9104330931472,7417.475949458957
336.0000000000001,536.1411383926508,7417.028750218021
337.00000000000017,535.3606989787517,7416.567340937847
338.00000000000017,534.5694073711551,7416.09204711927
339.00000000000017,533.7675508269466,7415.603188624636
340.0000000000001,532.9554114257878,7415.10107976735
341.00000000000017,532.133266153815,7414.58602940007
342.00000000000017,531.3013869862335,7414.058341001546
343.00000000000017,530.4600409686694,7413.51831276218
344.0000000000001,529.6094902972583,7412.96623766827
345.00000000000017,528.7499923975116,7412.4024035849825
346.00000000000017,527.8818000019643,7411.827093338062
347.00000000000017,527.0051612266418,7411.24058479432
348.0000000000001,526.12031964633,7410.643150940869
349.00000000000017,525.2275143687018,7410.03505996319
350.00000000000017,524.3269801072968,7409.416575321977
351.00000000000017,523.4189472533701,7408.787955828842
352.0000000000001,522.5036419466375,7408.149455720845
353.00000000000017,521.5812861449295,7407.501324733904
354.00000000000017,520.652097692753,7406.843808175067
355.00000000000017,519.7162903888099,7406.177146993706
356.0000000000001,518.7740740524587,7405.501577851587
357.00000000000017,517.8256545891526,7404.817333191913
358.00000000000017,516.8712340548531,7404.124641307268
359.00000000000017,515.9110107194515,7403.423726406552
360.0000000000001,514.9451791292072,7402.714808680878
361.00000000000017,513.9739301682,7401.998104368451
362.00000000000017,512.9974511188414,7401.27382581846
363.00000000000017,512.0159257214386,7400.542181553991
364.00000000000017,511.02953423282673,7399.8033763339745
365.00000000000017,510.03845348409106,7399.0576112141625
366.00000000000017,509.04285693738257,7398.305083607191
367.00000000000017,508.0429147418577,7397.545987341708
368.00000000000017,507.0387937887248,7396.780512720573
369.00000000000017,506.0306577654467,7396.0088465781955
370.00000000000017,505.0186672090854,7395.231172336957
371.00000000000017,504.0029795588123,7394.447670062768
372.00000000000017,502.98374920760386,7393.658516519788
373.00000000000017,501.961127553108,7392.863885224267
374.0000000000002,500.9352630477276,7392.063946497571
375.00000000000017,499.906301247912,7391.258867518392
376.00000000000017,498.874384862673,7390.4488123741385
377.00000000000017,497.83965380133765,7389.633942111538
378.0000000000002,496.8022452205471,7388.814414786434
379.00000000000017,495.76229357052324,7387.990385512844
380.00000000000017,494.7199306405922,7387.162006511227
381.00000000000017,493.6752856040006,7386.329427156007
382.0000000000002,492.62848506202073,7385.492794022371
383.00000000000017,491.57965308735726,7384.652250932321
384.00000000000017,490.52891126687024,7383.807939000017
385.00000000000017,489.4763787436195,7382.959996676415
386.0000000000002,488.422172258249,7382.108559793209
387.00000000000017,487.3664061897039,7381.2537616060745
388.00000000000017,486.3091925953138,7380.395732837263
389.00000000000017,485.25064125023624,7379.534601717502
390.0000000000002,484.19085968626877,7378.670494027257
391.00000000000017,483.12995323005777,7377.803533137358
392.00000000000017,482.06802504068025,7376.933840048954
393.00000000000017,481.0051761466453,7376.061533432883
394.0000000000002,479.94150548229635,7375.186729668397
395.00000000000017,478.87710992363924,7374.309542881299
396.00000000000017,477.81208432359455,7373.430084981459
397.00000000000017,476.7465215466898,7372.548465699767
398.0000000000002,475.680512503203,7371.664792624486
399.0000000000002,474.6141461827451,7370.77917123705
400.00000000000017,473.54750968732515,7369.891704947274
