skim_variable,mean_1,sd_1,mean_0,sd_0
救急,0.7116929485272241,0.45304212037534713,0.30213075942451284,0.4592234417141678
機能,0.019946412622804405,0.13983695768020535,0.002549626661810235,0.05043400930411132
支援,0.04763322417386127,0.21302067845569989,0.004006556182844655,0.06317618663785853
評価,0.43346233998213757,0.49562674509598403,0.16936805682025133,0.3751108414591293
神経内科,0.3930808231434536,0.48850738125890136,0.12199124726477024,0.3273055417635566
神経外科,0.5696428571428571,0.4951998136527017,0.08211944646758922,0.2745716120446489
病床数,2.077280571258554,1.9414976534162038,0.3918607201608481,0.7105005391016669
病床0,0.05824665676077266,0.23424408192149979,0.450791340731308,0.4976178803947998
大学病院,0.041604754829123326,0.1997139261445058,0.00454793523740222,0.06729097456717051
